Tool_Life_Bin,Coolant_Stability_Bin,Machine_ID,Fixture_ID,Shift,Total_Count,Actual_Edge_Chipping_Rate,Mean_Predicted_Risk,NG_Rate
Critical_90_100,Unstable,All,All,All,382,61.52,51.2,62.04
High_75_90,Unstable,CNC-04,All,All,333,39.04,35.36,39.64
Critical_90_100,Watch,CNC-04,All,All,101,36.63,33.79,37.62
High_75_90,Unstable,CNC-06,All,All,284,36.62,31.59,37.32
High_75_90,Unstable,CNC-03,All,All,288,29.51,31.19,30.56
High_75_90,Unstable,All,All,All,1708,33.9,30.85,34.72
Critical_90_100,Watch,CNC-06,All,All,106,33.02,29.87,33.96
High_75_90,Unstable,CNC-01,All,All,266,34.21,29.15,34.96
High_75_90,Unstable,CNC-02,All,All,275,32.36,28.64,33.09
Critical_90_100,Stable,CNC-04,All,All,150,33.33,28.08,34.67
High_75_90,Unstable,CNC-05,All,All,262,30.53,28.02,31.68
Critical_90_100,Watch,All,All,All,604,30.3,27.24,31.46
Critical_90_100,Watch,CNC-02,All,All,105,31.43,26.41,31.43
Critical_90_100,Watch,CNC-05,All,All,109,26.61,23.19,27.52
Critical_90_100,Stable,CNC-06,All,All,171,23.39,20.35,23.98
Critical_90_100,Stable,All,All,All,1002,20.96,18.71,21.46
Critical_90_100,Stable,CNC-01,All,All,157,22.29,17.91,22.29
Critical_90_100,Stable,CNC-02,All,All,172,18.6,16.83,18.6
Critical_90_100,Stable,CNC-03,All,All,175,17.14,16.37,17.71
Critical_90_100,Stable,CNC-05,All,All,177,12.99,14.0,13.56
High_75_90,Watch,CNC-04,All,All,404,11.39,10.81,12.13
High_75_90,Watch,CNC-06,All,All,434,11.75,10.37,12.67
High_75_90,Stable,CNC-04,All,All,624,7.21,6.85,7.85
High_75_90,Watch,All,All,All,2589,6.3,6.62,6.91
High_75_90,Stable,CNC-06,FIX-C1,All,102,4.9,5.71,4.9
High_75_90,Watch,CNC-03,All,All,435,4.6,5.49,5.06
High_75_90,Stable,CNC-06,All,All,718,4.87,5.27,5.57
High_75_90,Watch,CNC-05,All,All,461,4.34,4.86,4.99
High_75_90,Watch,CNC-02,All,All,429,3.5,4.7,4.2
High_75_90,Stable,All,All,All,4179,3.61,3.9,4.36
High_75_90,Watch,CNC-01,All,All,426,2.58,3.8,2.82
High_75_90,Stable,CNC-05,All,All,730,3.42,3.51,4.79
High_75_90,Stable,CNC-03,All,All,682,2.2,2.97,2.64
High_75_90,Stable,CNC-01,All,All,735,2.18,2.56,2.72
High_75_90,Stable,CNC-02,All,All,690,2.17,2.56,2.9
Mid_50_75,Watch,CNC-04,FIX-C1,All,102,1.96,1.9,1.96
Mid_50_75,Watch,CNC-06,FIX-B2,All,116,1.72,1.47,1.72
Low_0_50,Stable,CNC-04,FIX-C1,All,183,2.19,1.32,3.28
Mid_50_75,Unstable,CNC-04,FIX-C2,All,102,0.98,1.25,1.96
Mid_50_75,Unstable,CNC-04,All,All,736,0.68,1.04,1.63
Mid_50_75,Stable,CNC-06,FIX-B2,All,208,0.96,0.98,0.96
Mid_50_75,Stable,CNC-06,FIX-C1,All,191,1.57,0.96,2.62
Mid_50_75,Stable,CNC-06,FIX-C1,Day,108,1.85,0.93,3.7
Mid_50_75,Watch,CNC-04,FIX-A1,All,101,0.99,0.88,1.98
Low_0_50,Watch,CNC-04,FIX-A3,All,101,0.99,0.85,0.99
Mid_50_75,Watch,CNC-06,FIX-B3,All,107,0.93,0.71,1.87
Mid_50_75,Watch,CNC-06,FIX-C2,All,119,0.84,0.69,2.52
Low_0_50,Stable,CNC-06,FIX-B2,All,197,0.51,0.62,1.02
Low_0_50,Stable,CNC-04,FIX-B2,All,171,0.58,0.58,1.75
Mid_50_75,Unstable,CNC-06,All,All,612,0.49,0.53,0.82
Low_0_50,Unstable,CNC-06,All,All,632,0.63,0.5,1.58
Mid_50_75,Unstable,All,All,All,3931,0.2,0.49,0.84
Mid_50_75,Stable,CNC-06,FIX-A1,All,180,0.56,0.49,2.22
Mid_50_75,Watch,CNC-04,All,All,909,0.44,0.46,1.32
Mid_50_75,Watch,CNC-06,All,All,982,0.51,0.44,1.22
Low_0_50,Watch,CNC-06,FIX-B2,All,103,0.0,0.4,0.97
Low_0_50,Unstable,CNC-04,All,All,740,0.14,0.39,0.81
Low_0_50,Unstable,CNC-01,All,All,649,0.15,0.39,1.23
Mid_50_75,Stable,CNC-06,All,All,1712,0.41,0.36,1.05
Mid_50_75,Unstable,CNC-01,All,All,650,0.0,0.35,0.77
Low_0_50,Unstable,All,All,All,4032,0.15,0.34,1.02
Mid_50_75,Unstable,CNC-05,All,All,664,0.0,0.33,0.9
Mid_50_75,Unstable,CNC-03,All,All,610,0.0,0.31,0.33
Low_0_50,Stable,CNC-04,All,All,1663,0.3,0.3,1.08
Low_0_50,Unstable,CNC-05,All,All,673,0.0,0.28,0.74
Mid_50_75,Stable,CNC-04,FIX-C1,All,170,0.0,0.27,1.18
Low_0_50,Unstable,CNC-02,All,All,685,0.0,0.27,1.17
Low_0_50,Watch,CNC-06,FIX-C1,All,122,0.82,0.27,1.64
Mid_50_75,Unstable,CNC-02,All,All,659,0.0,0.27,0.46
Low_0_50,Watch,CNC-04,All,All,951,0.11,0.26,0.53
Mid_50_75,Watch,CNC-06,FIX-C1,All,118,0.85,0.26,0.85
Mid_50_75,Stable,CNC-06,FIX-B2,Day,100,0.0,0.25,0.0
Low_0_50,Unstable,CNC-03,All,All,653,0.0,0.24,0.61
Mid_50_75,Watch,CNC-04,FIX-A2,All,103,0.0,0.23,1.94
Low_0_50,Stable,CNC-06,FIX-C1,Day,100,0.0,0.22,1.0
Mid_50_75,Watch,All,All,All,5849,0.15,0.22,0.99
Low_0_50,Watch,CNC-04,FIX-A1,All,107,0.0,0.21,0.0
Mid_50_75,Watch,CNC-06,FIX-A1,All,113,0.0,0.21,2.65
Mid_50_75,Stable,CNC-04,FIX-B2,All,184,0.0,0.21,1.09
Low_0_50,Watch,CNC-04,FIX-B2,All,102,0.0,0.2,0.0
Mid_50_75,Watch,CNC-04,FIX-C2,All,101,0.0,0.19,1.98
Low_0_50,Stable,CNC-06,FIX-B2,Day,100,0.0,0.19,0.0
Mid_50_75,Watch,CNC-06,FIX-A3,All,108,0.0,0.19,0.0
Low_0_50,Stable,CNC-06,FIX-C1,All,193,0.0,0.18,0.52
Mid_50_75,Watch,CNC-01,FIX-A3,All,105,0.0,0.18,0.95
Low_0_50,Watch,CNC-04,FIX-B3,All,116,0.0,0.18,0.86
Mid_50_75,Watch,CNC-01,FIX-B2,All,104,0.0,0.18,0.0
Mid_50_75,Stable,CNC-04,FIX-A2,All,166,0.0,0.17,0.0
Mid_50_75,Watch,CNC-01,FIX-C1,All,106,0.0,0.17,2.83
Mid_50_75,Watch,CNC-03,FIX-B3,All,100,0.0,0.17,1.0
Low_0_50,Watch,CNC-03,FIX-C1,All,125,0.0,0.17,1.6
Low_0_50,Watch,CNC-06,All,All,973,0.1,0.17,0.62
Low_0_50,Watch,CNC-04,FIX-B1,All,104,0.0,0.17,0.0
Low_0_50,Watch,CNC-04,FIX-A2,All,100,0.0,0.17,0.0
Low_0_50,Watch,CNC-05,FIX-C1,All,105,0.0,0.16,0.0
Mid_50_75,Stable,CNC-06,FIX-B1,All,188,0.0,0.16,0.0
Mid_50_75,Stable,CNC-04,FIX-B3,Day,119,0.0,0.16,0.0
Mid_50_75,Watch,CNC-01,FIX-B3,All,105,0.0,0.16,0.95
Mid_50_75,Stable,CNC-04,FIX-B3,All,194,0.0,0.16,0.52
Mid_50_75,Watch,CNC-04,FIX-B3,All,105,0.95,0.16,0.95
Low_0_50,Watch,CNC-02,FIX-C1,All,116,0.0,0.16,1.72
Mid_50_75,Stable,CNC-04,All,All,1537,0.0,0.16,0.72
Low_0_50,Stable,CNC-06,All,All,1678,0.06,0.16,0.66
Mid_50_75,Watch,CNC-01,FIX-A1,All,117,0.0,0.16,0.85
Mid_50_75,Watch,CNC-03,FIX-C1,All,128,0.0,0.16,1.56
Low_0_50,Watch,CNC-01,FIX-B2,All,116,0.0,0.15,0.86
Mid_50_75,Watch,CNC-04,FIX-C3,All,102,0.0,0.15,1.96
Low_0_50,Stable,CNC-04,FIX-A3,All,167,0.0,0.15,1.2
Mid_50_75,Watch,CNC-05,FIX-B2,All,129,0.0,0.15,0.78
Mid_50_75,Watch,CNC-05,FIX-C1,All,124,0.0,0.15,0.0
Low_0_50,Watch,CNC-06,FIX-A1,All,102,0.0,0.15,0.98
Low_0_50,Stable,CNC-04,FIX-A1,All,183,0.0,0.15,0.55
Mid_50_75,Watch,CNC-01,FIX-C2,All,102,0.0,0.15,0.98
Low_0_50,Watch,CNC-04,FIX-C3,All,105,0.0,0.15,0.95
Mid_50_75,Watch,CNC-02,FIX-A2,All,104,0.0,0.15,0.0
Mid_50_75,Watch,CNC-01,All,All,992,0.0,0.14,1.01
Low_0_50,Watch,All,All,All,5985,0.03,0.14,0.82
Mid_50_75,Stable,CNC-01,FIX-C1,Day,108,0.0,0.14,0.93
Low_0_50,Stable,CNC-04,FIX-B3,Day,106,0.0,0.14,0.94
Mid_50_75,Watch,CNC-05,FIX-A3,All,100,0.0,0.14,1.0
Mid_50_75,Stable,CNC-04,FIX-B1,All,153,0.0,0.14,0.0
Mid_50_75,Stable,CNC-03,FIX-C1,All,182,0.0,0.14,0.55
Low_0_50,Watch,CNC-06,FIX-C3,All,112,0.0,0.14,0.0
Low_0_50,Stable,CNC-04,FIX-C2,All,200,0.0,0.14,0.0
Mid_50_75,Stable,CNC-06,FIX-B1,Day,101,0.0,0.14,0.0
Mid_50_75,Stable,All,All,All,9810,0.08,0.14,0.65
Low_0_50,Watch,CNC-06,FIX-B1,All,117,0.0,0.14,0.0
Mid_50_75,Stable,CNC-01,FIX-C1,All,210,0.0,0.14,0.48
Low_0_50,Watch,CNC-03,FIX-C3,All,123,0.0,0.13,0.81
Low_0_50,Stable,CNC-02,FIX-C1,All,185,0.0,0.13,0.54
Low_0_50,Watch,CNC-01,FIX-A1,All,108,0.0,0.13,0.0
Low_0_50,Stable,All,All,All,9929,0.06,0.13,0.87
Low_0_50,Stable,CNC-05,FIX-C1,All,191,0.0,0.13,1.05
Mid_50_75,Stable,CNC-02,FIX-C1,All,212,0.0,0.13,0.0
Mid_50_75,Stable,CNC-03,FIX-B2,All,175,0.57,0.13,0.57
Low_0_50,Watch,CNC-05,FIX-B2,All,117,0.0,0.13,0.85
Mid_50_75,Stable,CNC-04,FIX-A1,All,163,0.0,0.13,1.23
Low_0_50,Stable,CNC-01,FIX-C1,All,203,0.0,0.13,0.49
Mid_50_75,Stable,CNC-04,FIX-A3,All,140,0.0,0.13,0.0
Mid_50_75,Stable,CNC-06,FIX-B3,All,207,0.0,0.13,0.0
Low_0_50,Stable,CNC-04,FIX-B3,All,199,0.0,0.13,0.5
Mid_50_75,Watch,CNC-02,FIX-B3,All,110,0.0,0.12,1.82
Mid_50_75,Watch,CNC-02,FIX-C1,All,125,0.0,0.12,0.0
Low_0_50,Stable,CNC-04,FIX-B1,All,195,0.0,0.12,0.51
Low_0_50,Stable,CNC-05,FIX-B2,All,203,0.0,0.12,0.0
Low_0_50,Stable,CNC-04,FIX-A2,All,170,0.0,0.12,1.18
Low_0_50,Watch,CNC-01,FIX-A3,All,121,0.0,0.12,0.83
Low_0_50,Stable,CNC-01,FIX-C1,Day,104,0.0,0.12,0.0
Low_0_50,Watch,CNC-03,FIX-A3,All,122,0.0,0.12,0.82
Mid_50_75,Stable,CNC-06,FIX-C3,All,192,0.0,0.12,0.52
Low_0_50,Watch,CNC-06,FIX-C2,All,106,0.0,0.12,0.94
Low_0_50,Stable,CNC-06,FIX-A1,Day,113,0.0,0.12,0.0
Low_0_50,Watch,CNC-04,FIX-C2,All,120,0.0,0.12,0.83
Mid_50_75,Stable,CNC-06,FIX-A3,All,183,0.0,0.12,1.09
Low_0_50,Watch,CNC-05,FIX-B3,All,114,0.0,0.11,0.0
Low_0_50,Stable,CNC-03,FIX-C1,All,175,0.0,0.11,1.71
Mid_50_75,Watch,CNC-01,FIX-B1,All,114,0.0,0.11,1.75
Mid_50_75,Stable,CNC-06,FIX-B3,Day,110,0.0,0.11,0.0
Low_0_50,Watch,CNC-03,FIX-B2,All,102,0.0,0.11,0.0
Mid_50_75,Watch,CNC-05,All,All,1011,0.0,0.11,0.89
Mid_50_75,Watch,CNC-02,FIX-A3,All,105,0.0,0.11,0.0
Mid_50_75,Watch,CNC-03,FIX-B2,All,115,0.0,0.11,0.87
Low_0_50,Stable,CNC-06,FIX-A1,All,193,0.0,0.11,0.52
Low_0_50,Stable,CNC-04,FIX-A1,Day,103,0.0,0.11,0.0
Low_0_50,Watch,CNC-01,FIX-C1,All,107,0.0,0.11,2.8
Low_0_50,Watch,CNC-06,FIX-B3,All,108,0.0,0.11,0.93
Low_0_50,Watch,CNC-01,All,All,1030,0.0,0.11,1.36
Mid_50_75,Stable,CNC-01,FIX-C2,All,167,0.0,0.11,0.6
Low_0_50,Watch,CNC-01,FIX-B3,All,118,0.0,0.11,0.85
Mid_50_75,Watch,CNC-03,All,All,999,0.0,0.11,0.9
Low_0_50,Watch,CNC-03,All,All,1032,0.0,0.11,0.87
Low_0_50,Watch,CNC-06,FIX-A2,All,104,0.0,0.11,0.0
Low_0_50,Stable,CNC-06,FIX-A3,Day,113,0.0,0.1,0.88
Mid_50_75,Stable,CNC-04,FIX-C2,All,191,0.0,0.1,2.09
Mid_50_75,Watch,CNC-03,FIX-C2,All,111,0.0,0.1,0.9
Mid_50_75,Stable,CNC-06,FIX-C2,All,173,0.0,0.1,0.58
Low_0_50,Stable,CNC-03,FIX-C1,Day,101,0.0,0.1,1.98
Mid_50_75,Watch,CNC-05,FIX-C3,All,109,0.0,0.1,0.92
Mid_50_75,Watch,CNC-05,FIX-C2,All,105,0.0,0.1,1.9
Mid_50_75,Watch,CNC-05,FIX-B3,All,105,0.0,0.1,0.95
Mid_50_75,Watch,CNC-05,FIX-B1,All,102,0.0,0.1,1.96
Mid_50_75,Watch,CNC-01,FIX-C3,All,119,0.0,0.1,0.84
Mid_50_75,Watch,CNC-02,All,All,956,0.0,0.1,0.63
Low_0_50,Stable,CNC-06,FIX-C2,All,198,0.0,0.1,0.51
Low_0_50,Stable,CNC-01,FIX-B2,All,193,0.0,0.1,1.04
Low_0_50,Stable,CNC-06,FIX-B3,All,172,0.0,0.1,0.0
Low_0_50,Watch,CNC-05,All,All,1015,0.0,0.1,0.3
Low_0_50,Stable,CNC-06,FIX-B1,All,178,0.0,0.1,0.56
Low_0_50,Watch,CNC-03,FIX-A1,All,114,0.0,0.1,0.0
Low_0_50,Watch,CNC-02,FIX-C3,All,120,0.0,0.1,1.67
Low_0_50,Watch,CNC-05,FIX-B1,All,104,0.0,0.1,0.96
Low_0_50,Watch,CNC-01,FIX-B1,All,131,0.0,0.1,0.0
Low_0_50,Watch,CNC-02,FIX-A2,All,110,0.0,0.1,0.91
Low_0_50,Stable,CNC-02,FIX-A2,All,173,0.0,0.1,0.0
Low_0_50,Stable,CNC-04,FIX-C2,Day,108,0.0,0.09,0.0
Mid_50_75,Watch,CNC-05,FIX-A2,All,115,0.0,0.09,0.0
Low_0_50,Stable,CNC-03,FIX-B2,All,163,0.0,0.09,1.23
Mid_50_75,Watch,CNC-06,FIX-A2,All,109,0.0,0.09,0.0
Low_0_50,Watch,CNC-02,FIX-A3,All,121,0.0,0.09,1.65
Low_0_50,Stable,CNC-04,FIX-C3,Day,100,0.0,0.09,1.0
Mid_50_75,Stable,CNC-06,FIX-A2,All,190,0.53,0.09,1.58
Low_0_50,Stable,CNC-04,FIX-C3,All,195,0.0,0.09,1.03
Mid_50_75,Stable,CNC-01,FIX-B2,All,174,0.0,0.09,0.0
Mid_50_75,Watch,CNC-05,FIX-A1,All,122,0.0,0.09,0.82
Low_0_50,Watch,CNC-02,All,All,984,0.0,0.09,1.22
Low_0_50,Watch,CNC-05,FIX-C3,All,126,0.0,0.09,0.0
Mid_50_75,Watch,CNC-03,FIX-A3,All,106,0.0,0.09,0.0
Low_0_50,Stable,CNC-06,FIX-A3,All,206,0.0,0.09,0.49
Mid_50_75,Watch,CNC-02,FIX-C2,All,106,0.0,0.09,0.94
Mid_50_75,Stable,CNC-04,FIX-C3,All,176,0.0,0.09,0.0
Mid_50_75,Stable,CNC-04,FIX-C2,Day,101,0.0,0.09,2.97
Mid_50_75,Stable,CNC-02,FIX-B2,All,162,0.0,0.08,0.62
Mid_50_75,Stable,CNC-05,FIX-B2,All,203,0.0,0.08,0.49
Low_0_50,Watch,CNC-03,FIX-C2,All,112,0.0,0.08,1.79
Mid_50_75,Stable,CNC-05,FIX-A1,All,189,0.0,0.08,0.53
Mid_50_75,Stable,CNC-05,FIX-C1,All,183,0.0,0.08,0.0
Mid_50_75,Stable,CNC-01,FIX-C3,All,171,0.0,0.08,0.0
Mid_50_75,Stable,CNC-05,FIX-C2,All,184,0.0,0.08,0.0
Mid_50_75,Stable,CNC-02,FIX-A1,All,191,0.0,0.08,0.0
Low_0_50,Watch,CNC-05,FIX-A3,All,121,0.0,0.08,0.0
Low_0_50,Stable,CNC-01,FIX-B1,All,163,0.0,0.08,0.61
Low_0_50,Watch,CNC-05,FIX-A2,All,113,0.0,0.08,0.0
Low_0_50,Stable,CNC-02,FIX-A1,All,155,0.0,0.08,1.94
Low_0_50,Stable,CNC-01,All,All,1689,0.0,0.08,0.77
Low_0_50,Watch,CNC-01,FIX-C2,All,133,0.0,0.08,3.76
Mid_50_75,Stable,CNC-06,FIX-A2,Day,102,0.98,0.08,1.96
Low_0_50,Stable,CNC-05,FIX-C3,All,185,0.0,0.08,0.0
Low_0_50,Stable,CNC-05,FIX-C2,All,188,0.0,0.08,0.53
Low_0_50,Watch,CNC-03,FIX-A2,All,121,0.0,0.08,1.65
Mid_50_75,Stable,CNC-01,All,All,1662,0.0,0.08,0.6
Low_0_50,Watch,CNC-02,FIX-C2,All,113,0.0,0.08,2.65
Mid_50_75,Stable,CNC-03,All,All,1605,0.06,0.08,0.5
Low_0_50,Stable,CNC-02,FIX-B2,All,153,0.0,0.08,0.0
Mid_50_75,Watch,CNC-06,FIX-C3,All,106,0.0,0.08,0.94
Mid_50_75,Stable,CNC-02,All,All,1679,0.0,0.07,0.48
Low_0_50,Stable,CNC-02,All,All,1579,0.0,0.07,0.89
Low_0_50,Stable,CNC-01,FIX-A3,All,186,0.0,0.07,1.08
Low_0_50,Stable,CNC-01,FIX-A2,All,188,0.0,0.07,0.53
Low_0_50,Stable,CNC-01,FIX-A1,All,187,0.0,0.07,0.53
Low_0_50,Watch,CNC-03,FIX-B1,All,115,0.0,0.07,0.0
Mid_50_75,Stable,CNC-02,FIX-A3,Day,109,0.0,0.07,0.0
Low_0_50,Stable,CNC-05,All,All,1732,0.0,0.07,0.92
Mid_50_75,Stable,CNC-01,FIX-B1,Day,105,0.0,0.07,0.95
Mid_50_75,Stable,CNC-01,FIX-A1,Day,102,0.0,0.07,0.0
Low_0_50,Stable,CNC-01,FIX-C2,All,204,0.0,0.07,0.49
Low_0_50,Stable,CNC-01,FIX-A3,Day,109,0.0,0.07,0.92
Low_0_50,Stable,CNC-01,FIX-B3,All,187,0.0,0.07,1.6
Mid_50_75,Stable,CNC-05,All,All,1615,0.0,0.07,0.56
Low_0_50,Stable,CNC-02,FIX-C2,All,186,0.0,0.07,1.61
Mid_50_75,Stable,CNC-01,FIX-A1,All,196,0.0,0.07,0.0
Mid_50_75,Stable,CNC-02,FIX-A3,All,201,0.0,0.07,1.0
Mid_50_75,Stable,CNC-03,FIX-A3,All,184,0.0,0.07,1.09
Mid_50_75,Stable,CNC-02,FIX-B1,All,169,0.0,0.07,0.59
Mid_50_75,Watch,CNC-02,FIX-B1,All,114,0.0,0.07,0.88
Mid_50_75,Watch,CNC-03,FIX-A1,All,112,0.0,0.07,2.68
Low_0_50,Stable,CNC-05,FIX-A1,All,202,0.0,0.07,1.49
Low_0_50,Stable,CNC-06,FIX-A2,All,169,0.0,0.07,1.18
Low_0_50,Watch,CNC-05,FIX-A1,All,117,0.0,0.06,0.85
Low_0_50,Stable,CNC-03,All,All,1588,0.0,0.06,0.88
Low_0_50,Stable,CNC-03,FIX-C3,All,197,0.0,0.06,0.0
Mid_50_75,Stable,CNC-01,FIX-A2,All,186,0.0,0.06,1.61
Mid_50_75,Stable,CNC-03,FIX-C3,All,182,0.0,0.06,0.0
Mid_50_75,Stable,CNC-03,FIX-C2,All,181,0.0,0.06,0.0
Low_0_50,Stable,CNC-01,FIX-C2,Day,103,0.0,0.06,0.0
Low_0_50,Stable,CNC-03,FIX-C2,All,169,0.0,0.06,1.78
Low_0_50,Stable,CNC-02,FIX-B3,Day,105,0.0,0.06,0.0
Low_0_50,Stable,CNC-02,FIX-C3,All,158,0.0,0.06,1.27
Low_0_50,Stable,CNC-03,FIX-B3,All,178,0.0,0.06,0.0
Low_0_50,Stable,CNC-03,FIX-B1,All,182,0.0,0.06,2.2
Mid_50_75,Stable,CNC-01,FIX-B1,All,198,0.0,0.06,0.51
Mid_50_75,Stable,CNC-02,FIX-A2,All,175,0.0,0.06,1.14
Mid_50_75,Stable,CNC-01,FIX-A2,Day,106,0.0,0.06,1.89
Low_0_50,Stable,CNC-03,FIX-A2,All,193,0.0,0.06,0.0
Low_0_50,Stable,CNC-05,FIX-B1,All,195,0.0,0.06,1.03
Mid_50_75,Stable,CNC-05,FIX-B3,All,173,0.0,0.06,0.58
Mid_50_75,Stable,CNC-02,FIX-B3,All,192,0.0,0.06,1.04
Mid_50_75,Stable,CNC-05,FIX-A2,All,176,0.0,0.06,0.0
Mid_50_75,Watch,CNC-03,FIX-B1,All,132,0.0,0.06,0.0
Mid_50_75,Stable,CNC-03,FIX-A2,All,196,0.0,0.06,0.51
Mid_50_75,Stable,CNC-03,FIX-B1,All,147,0.0,0.06,1.36
Low_0_50,Stable,CNC-06,FIX-C3,All,172,0.0,0.06,1.16
Mid_50_75,Watch,CNC-02,FIX-A1,All,104,0.0,0.06,1.92
Low_0_50,Stable,CNC-01,FIX-C3,All,178,0.0,0.06,0.56
Low_0_50,Watch,CNC-02,FIX-B1,All,120,0.0,0.06,0.83
Low_0_50,Stable,CNC-05,FIX-A3,All,195,0.0,0.05,3.08
Low_0_50,Stable,CNC-05,FIX-B3,All,183,0.0,0.05,0.55
Low_0_50,Stable,CNC-02,FIX-B3,All,183,0.0,0.05,0.55
Mid_50_75,Watch,CNC-01,FIX-A2,All,120,0.0,0.05,0.0
Mid_50_75,Stable,CNC-05,FIX-B1,All,155,0.0,0.05,0.65
Low_0_50,Stable,CNC-03,FIX-A1,All,157,0.0,0.05,0.64
Low_0_50,Stable,CNC-03,FIX-C3,Day,107,0.0,0.05,0.0
Mid_50_75,Stable,CNC-03,FIX-B3,All,175,0.0,0.05,0.0
Mid_50_75,Stable,CNC-03,FIX-A1,All,183,0.0,0.05,0.55
Mid_50_75,Stable,CNC-01,FIX-B3,All,201,0.0,0.05,0.5
Mid_50_75,Stable,CNC-02,FIX-C2,All,174,0.0,0.05,0.0
Mid_50_75,Stable,CNC-05,FIX-A3,All,173,0.0,0.05,1.16
Mid_50_75,Stable,CNC-02,FIX-C3,All,203,0.0,0.04,0.0
Mid_50_75,Stable,CNC-05,FIX-B2,Day,113,0.0,0.04,0.88
Low_0_50,Stable,CNC-03,FIX-A3,All,174,0.0,0.04,0.57
Low_0_50,Stable,CNC-05,FIX-B2,Day,105,0.0,0.04,0.0
Low_0_50,Stable,CNC-02,FIX-B1,All,180,0.0,0.04,1.11
Mid_50_75,Stable,CNC-01,FIX-A3,All,159,0.0,0.04,1.89
Low_0_50,Stable,CNC-02,FIX-A3,All,206,0.0,0.04,0.97
Mid_50_75,Stable,CNC-05,FIX-C3,All,179,0.0,0.03,1.68
Mid_50_75,Stable,CNC-01,FIX-B3,Day,115,0.0,0.03,0.87
Low_0_50,Stable,CNC-02,FIX-A3,Day,102,0.0,0.03,0.0
Low_0_50,Stable,CNC-05,FIX-A2,All,190,0.0,0.02,0.53
